<?xml version="1.0" encoding="UTF-8"?>
<metadata xml:lang="en"><Esri><CreaDate>20120426</CreaDate><CreaTime>10121700</CreaTime><ArcGISFormat>1.0</ArcGISFormat><SyncOnce>TRUE</SyncOnce><DataProperties><itemProps><itemLocation><linkage Sync="TRUE">file://\\labor.ak\shared\Data_RA\RA\RACGIN\Geography, GIS &amp; Maps\Shapefiles\WebsiteShapefiles\NativeAloneComb\Places</linkage><protocol Sync="TRUE">Local Area Network</protocol></itemLocation></itemProps><copyHistory><copy source="R:\RA\RAPOP\ERIC\CensusRelatedWork\WebsiteShapefiles\Places" dest="\\labor.ak\shared\Data_RA\RA\RACGIN\Geography, GIS &amp; Maps\Shapefiles\WebsiteShapefiles\NativeAloneComb\Places" date="20120426" time="10121700"></copy></copyHistory></DataProperties></Esri></metadata>
